<?xml version="1.0" encoding="UTF-8"?>
<beans xmlns="http://www.springframework.org/schema/beans"
	xmlns:xsi="http://www.w3.org/2001/XMLSchema-instance" xmlns:p="http://www.springframework.org/schema/p"
	xsi:schemaLocation="http://www.springframework.org/schema/beans http://www.springframework.org/schema/beans/spring-beans-3.0.xsd">

	<bean id="sp1" class="com.SecondDataType.Address">
		<property name="Saddress" value="Hinjawadi"></property>
		<property name="Sdistrict" value="PUNE"></property>
		<property name="Scountry" value="INDIA"></property>

	</bean>

	<bean id="sp2" class="com.SecondDataType.StudentDetails">
		<property name="Sid" value="140"></property>
		<property name="SName" value="Prakash"></property>
		 <property name="Saddress" ref="sp1"></property>


	</bean>

</beans>