<?xml version="1.0" encoding="UTF-8"?>
<beans xmlns="http://www.springframework.org/schema/beans"
	xmlns:xsi="http://www.w3.org/2001/XMLSchema-instance" xmlns:p="http://www.springframework.org/schema/p"
	xsi:schemaLocation="http://www.springframework.org/schema/beans http://www.springframework.org/schema/beans/spring-beans-3.0.xsd">

	<bean id="t" class="com.employee.EmplyoeeDetails">
		<property name="EmpID" value="001"></property>
		<property name="EmpName" value="Prakash"></property>
		<property name="country">
			<list>
				<value>India</value>
				<value>China</value>
				<value>Us</value>
				<value>UK</value>
				<value>Japan</value>
			</list>
		</property>

	</bean>

</beans>